id,title,artist,genre,mood,energy,tempo_bpm,valence,danceability,acousticness
1,Sunrise City,Neon Echo,pop,happy,0.82,118,0.84,0.79,0.18
2,Midnight Coding,LoRoom,lofi,chill,0.42,78,0.56,0.62,0.71
3,Storm Runner,Voltline,rock,intense,0.91,152,0.48,0.66,0.10
4,Library Rain,Paper Lanterns,lofi,chill,0.35,72,0.60,0.58,0.86
5,Gym Hero,Max Pulse,pop,intense,0.93,132,0.77,0.88,0.05
6,Spacewalk Thoughts,Orbit Bloom,ambient,chill,0.28,60,0.65,0.41,0.92
7,Coffee Shop Stories,Slow Stereo,jazz,relaxed,0.37,90,0.71,0.54,0.89
8,Night Drive Loop,Neon Echo,synthwave,moody,0.75,110,0.49,0.73,0.22
9,Focus Flow,LoRoom,lofi,focused,0.40,80,0.59,0.60,0.78
10,Rooftop Lights,Indigo Parade,indie pop,happy,0.76,124,0.81,0.82,0.35
id,title,artist,genre,mood,energy,tempo_bpm,valence,danceability,acousticness
11,Golden Hour Waltz,Aria Vale,classical,nostalgic,0.22,72,0.64,0.18,0.94
12,Neon Cipher,Beat Theory,hip hop,energetic,0.86,98,0.68,0.81,0.14
13,Sunset Porch,Willow Ridge,country,dreamy,0.48,84,0.71,0.55,0.79
14,Pixel Bloom,Cloud Drift,electronic,playful,0.77,128,0.74,0.87,0.10
15,River Road,Lark & Stone,folk,soulful,0.51,90,0.69,0.58,0.83
16,Rust and Thunder,Iron Howl,metal,melancholic,0.93,142,0.33,0.60,0.06
17,Island Breeze,Roots High,reggae,cinematic,0.61,96,0.78,0.68,0.66